id,gender,kcal,total_fruit,whole_fruit,total_vegetable,green_and_bean,total_protein,seafood_plant_protein,whole_grain,dairy,fatty_acid,refined_grain,sodium,added_sugar,saturated_fat,EXP_HEI2015_ALL,EXP_HEI2015_TOTALFRT,EXP_HEI2015_FRT,EXP_HEI2015_VEG,EXP_HEI2015_GREENNBEAN,EXP_HEI2015_TOTALPRO,EXP_HEI2015_SEAPLANTPRO,EXP_HEI2015_WHOLEGRAIN,EXP_HEI2015_DAIRY,EXP_HEI2015_FATTYACID,EXP_HEI2015_REFINEDGRAIN,EXP_HEI2015_SODIUM,EXP_HEI2015_ADDEDSUGAR,EXP_HEI2015_SATFAT
1.0,2.0,1000.0,0.0,0.0,0.0,0.0,0.0,0.0,0.0,0.0,1.2,1.8,1100.0,4.0625,8.88888888888889,40.0,0.0,0.0,0.0,0.0,0.0,0.0,0.0,0.0,0.0,10.0,10.0,10.0,10.0
2.0,2.0,1000.0,0.08,0.04,0.11,0.02,0.25,0.08,0.15,0.13,1.33,2.05,1190.0,5.281249999999999,9.777777777777779,42.0,0.5,0.5,0.5,0.5,0.5,0.5,1.0,1.0,1.0,9.0,9.0,9.0,9.0
3.0,2.0,1000.0,0.16,0.08,0.22,0.04,0.5,0.16,0.3,0.26,1.46,2.3,1280.0,6.500000000000001,10.666666666666666,44.0,1.0,1.0,1.0,1.0,1.0,1.0,2.0,2.0,2.0,8.0,8.0,8.0,8.0
4.0,2.0,1000.0,0.24,0.12,0.33,0.06,0.75,0.24,0.45,0.39,1.59,2.55,1370.0,7.71875,11.555555555555557,46.0,1.5,1.5,1.5,1.5,1.5,1.5,3.0,3.0,3.0,7.0,7.0,7.0,7.0
5.0,2.0,1000.0,0.32,0.16,0.44,0.08,1.0,0.32,0.6,0.52,1.72,2.8,1460.0,8.937500000000002,12.444444444444443,48.0,2.0,2.0,2.0,2.0,2.0,2.0,4.0,4.0,4.0,6.0,6.0,6.0,6.0
6.0,2.0,1000.0,0.4,0.2,0.55,0.1,1.25,0.4,0.75,0.65,1.85,3.05,1550.0,10.15625,13.333333333333334,50.0,2.5,2.5,2.5,2.5,2.5,2.5,5.0,5.0,5.0,5.0,5.0,5.0,5.0
7.0,2.0,1000.0,0.48,0.24,0.66,0.12,1.5,0.48,0.9,0.78,1.98,3.3,1640.0,11.375,14.222222222222221,52.0,3.0,3.0,3.0,3.0,3.0,3.0,6.0,6.0,6.0,4.0,4.0,4.0,4.0
8.0,2.0,1000.0,0.56,0.28,0.77,0.14,1.75,0.56,1.05,0.91,2.11,3.55,1730.0,12.593749999999998,15.11111111111111,54.0,3.5,3.5,3.5,3.5,3.5,3.5,7.0,7.0,7.0,3.0,3.0,3.0,3.0
9.0,2.0,1000.0,0.64,0.32,0.88,0.16,2.0,0.64,1.2,1.04,2.24,3.8,1820.0,13.8125,16.000000000000004,56.0,4.0,4.0,4.0,4.0,4.0,4.0,8.0,8.0,8.0,2.0,2.0,2.0,2.0
10.0,2.0,1000.0,0.72,0.36,0.99,0.18,2.25,0.72,1.35,1.17,2.37,4.05,1910.0,15.031250000000002,16.88888888888889,58.0,4.5,4.5,4.5,4.5,4.5,4.5,9.0,9.0,9.0,1.0,1.0,1.0,1.0
11.0,2.0,1000.0,0.8,0.4,1.1,0.2,2.5,0.8,1.5,1.3,2.5,4.3,2000.0,16.25,17.77777777777778,60.0,5.0,5.0,5.0,5.0,5.0,5.0,10.0,10.0,10.0,0.0,0.0,0.0,0.0
